timestamp,event_type,severity
251.70,near_miss,N/A
251.80,near_miss,N/A
251.90,near_miss,N/A
252.00,near_miss,N/A
252.10,near_miss,N/A
252.20,near_miss,N/A
252.30,near_miss,N/A
252.40,near_miss,N/A
252.50,near_miss,N/A
252.60,near_miss,N/A
252.70,near_miss,N/A
252.80,near_miss,N/A
252.90,near_miss,N/A
253.00,near_miss,N/A
253.10,near_miss,N/A
253.20,near_miss,N/A
253.30,near_miss,N/A
253.40,near_miss,N/A
253.50,near_miss,N/A
253.60,near_miss,N/A
253.70,near_miss,N/A
253.80,near_miss,N/A
253.90,near_miss,N/A
254.00,near_miss,N/A
254.10,near_miss,N/A
254.20,near_miss,N/A
254.30,near_miss,N/A
254.40,near_miss,N/A
254.50,near_miss,N/A
254.60,near_miss,N/A
254.70,near_miss,N/A
254.80,near_miss,N/A
254.90,near_miss,N/A
255.00,near_miss,N/A
255.10,near_miss,N/A
255.20,near_miss,N/A
255.30,near_miss,N/A
255.40,near_miss,N/A
255.50,near_miss,N/A
255.60,near_miss,N/A
387.50,near_miss,N/A
387.60,near_miss,N/A
387.70,near_miss,N/A
387.80,near_miss,N/A
387.90,near_miss,N/A
388.00,near_miss,N/A
388.10,near_miss,N/A
388.20,near_miss,N/A
388.30,near_miss,N/A
388.40,near_miss,N/A
388.50,near_miss,N/A
388.60,near_miss,N/A
388.70,near_miss,N/A
388.80,near_miss,N/A
388.90,near_miss,N/A
389.00,near_miss,N/A
389.10,near_miss,N/A
389.20,near_miss,N/A
389.30,near_miss,N/A
389.40,near_miss,N/A
389.50,near_miss,N/A
389.60,near_miss,N/A
389.70,near_miss,N/A
389.80,near_miss,N/A
389.90,near_miss,N/A
390.00,near_miss,N/A
390.10,near_miss,N/A
390.20,near_miss,N/A
390.30,near_miss,N/A
390.40,near_miss,N/A
390.50,near_miss,N/A
390.60,near_miss,N/A
390.70,near_miss,N/A
390.80,near_miss,N/A
390.90,near_miss,N/A
391.00,near_miss,N/A
391.10,near_miss,N/A
391.20,near_miss,N/A
441.70,near_miss,N/A
441.80,near_miss,N/A
441.90,near_miss,N/A
442.00,near_miss,N/A
442.10,near_miss,N/A
442.20,near_miss,N/A
442.30,near_miss,N/A
442.40,near_miss,N/A
442.50,near_miss,N/A
442.60,near_miss,N/A
442.70,near_miss,N/A
442.80,near_miss,N/A
442.90,near_miss,N/A
443.00,near_miss,N/A
443.10,near_miss,N/A
443.20,near_miss,N/A
443.30,near_miss,N/A
443.40,near_miss,N/A
443.50,near_miss,N/A
443.60,near_miss,N/A
443.70,near_miss,N/A
443.80,near_miss,N/A
443.90,near_miss,N/A
444.00,near_miss,N/A
444.10,near_miss,N/A
444.20,near_miss,N/A
444.30,near_miss,N/A
444.40,near_miss,N/A
444.50,near_miss,N/A
444.60,near_miss,N/A
444.70,near_miss,N/A
444.80,near_miss,N/A
444.90,near_miss,N/A
445.00,near_miss,N/A
445.10,near_miss,N/A
445.20,near_miss,N/A
445.30,near_miss,N/A
445.40,near_miss,N/A
445.50,near_miss,N/A
445.60,near_miss,N/A
445.70,near_miss,N/A
445.80,near_miss,N/A
445.90,near_miss,N/A
446.00,near_miss,N/A
446.10,near_miss,N/A
514.90,near_miss,N/A
515.00,near_miss,N/A
515.10,near_miss,N/A
515.20,near_miss,N/A
515.30,near_miss,N/A
515.40,near_miss,N/A
515.50,near_miss,N/A
515.60,near_miss,N/A
515.70,near_miss,N/A
515.80,near_miss,N/A
515.90,near_miss,N/A
516.00,near_miss,N/A
516.10,near_miss,N/A
516.20,near_miss,N/A
516.30,near_miss,N/A
516.40,near_miss,N/A
516.50,collision,1.0
516.50,near_miss,N/A
516.60,collision,1.0
516.60,near_miss,N/A
516.70,collision,1.0
516.70,near_miss,N/A
516.80,collision,1.0
516.80,near_miss,N/A
516.90,collision,1.0
516.90,near_miss,N/A
517.00,collision,1.0
517.00,near_miss,N/A
517.10,collision,1.0
517.10,near_miss,N/A
517.20,collision,1.0
517.20,near_miss,N/A
517.30,collision,1.0
517.30,near_miss,N/A
517.40,collision,1.0
517.40,near_miss,N/A
517.50,collision,1.0
517.50,near_miss,N/A
517.60,collision,1.0
517.60,near_miss,N/A
517.70,collision,1.0
517.70,near_miss,N/A
517.80,collision,1.0
517.80,near_miss,N/A
517.90,collision,1.0
517.90,near_miss,N/A
518.00,collision,1.0
518.00,near_miss,N/A
518.10,collision,1.0
518.10,near_miss,N/A
518.20,collision,1.0
518.20,near_miss,N/A
518.30,collision,1.0
518.30,near_miss,N/A
554.40,near_miss,N/A
554.50,near_miss,N/A
554.60,near_miss,N/A
554.70,near_miss,N/A
554.80,near_miss,N/A
554.90,near_miss,N/A
555.00,near_miss,N/A
555.10,near_miss,N/A
555.20,near_miss,N/A
555.30,near_miss,N/A
555.40,near_miss,N/A
555.50,near_miss,N/A
555.60,near_miss,N/A
555.70,near_miss,N/A
555.80,near_miss,N/A
555.90,near_miss,N/A
556.00,near_miss,N/A
556.10,near_miss,N/A
556.20,near_miss,N/A
556.30,near_miss,N/A
556.40,near_miss,N/A
556.50,near_miss,N/A
556.60,near_miss,N/A
556.70,near_miss,N/A
556.80,near_miss,N/A
556.90,near_miss,N/A
557.00,near_miss,N/A
557.10,near_miss,N/A
557.20,near_miss,N/A
557.30,near_miss,N/A
557.40,near_miss,N/A
557.50,near_miss,N/A
557.60,near_miss,N/A
557.70,near_miss,N/A
557.80,near_miss,N/A
557.90,near_miss,N/A
558.00,near_miss,N/A
558.10,near_miss,N/A
558.20,near_miss,N/A
558.30,near_miss,N/A
558.40,near_miss,N/A
625.30,near_miss,N/A
625.40,near_miss,N/A
625.50,near_miss,N/A
625.60,near_miss,N/A
625.70,near_miss,N/A
625.80,near_miss,N/A
625.90,near_miss,N/A
626.00,near_miss,N/A
626.10,near_miss,N/A
626.20,near_miss,N/A
626.30,near_miss,N/A
626.40,near_miss,N/A
626.50,near_miss,N/A
626.60,near_miss,N/A
626.70,near_miss,N/A
626.80,near_miss,N/A
626.90,near_miss,N/A
627.00,near_miss,N/A
627.10,near_miss,N/A
627.20,near_miss,N/A
627.30,near_miss,N/A
627.40,near_miss,N/A
627.50,near_miss,N/A
627.60,near_miss,N/A
627.70,near_miss,N/A
627.80,near_miss,N/A
627.90,near_miss,N/A
628.00,near_miss,N/A
628.10,near_miss,N/A
628.20,near_miss,N/A
628.30,near_miss,N/A
628.40,near_miss,N/A
684.30,near_miss,N/A
684.40,near_miss,N/A
684.50,near_miss,N/A
684.60,near_miss,N/A
684.70,near_miss,N/A
684.80,near_miss,N/A
684.90,near_miss,N/A
685.00,near_miss,N/A
685.10,near_miss,N/A
685.20,near_miss,N/A
685.30,near_miss,N/A
685.40,near_miss,N/A
685.50,near_miss,N/A
685.60,near_miss,N/A
685.70,near_miss,N/A
685.80,near_miss,N/A
685.90,near_miss,N/A
686.00,near_miss,N/A
686.10,near_miss,N/A
686.20,near_miss,N/A
686.30,near_miss,N/A
686.40,near_miss,N/A
686.50,near_miss,N/A
686.60,near_miss,N/A
686.70,near_miss,N/A
686.80,near_miss,N/A
686.90,near_miss,N/A
687.00,near_miss,N/A
687.10,near_miss,N/A
687.20,near_miss,N/A
687.30,near_miss,N/A
687.40,near_miss,N/A
687.50,near_miss,N/A
687.60,near_miss,N/A
687.70,near_miss,N/A
687.80,near_miss,N/A
687.90,near_miss,N/A
688.00,near_miss,N/A
688.10,near_miss,N/A
688.20,near_miss,N/A
688.30,near_miss,N/A
688.40,near_miss,N/A
699.90,near_miss,N/A
700.00,near_miss,N/A
700.10,near_miss,N/A
700.20,near_miss,N/A
700.30,near_miss,N/A
700.40,near_miss,N/A
700.50,near_miss,N/A
700.60,near_miss,N/A
700.70,near_miss,N/A
700.80,near_miss,N/A
700.90,near_miss,N/A
701.00,near_miss,N/A
701.10,near_miss,N/A
701.20,near_miss,N/A
701.30,near_miss,N/A
701.40,near_miss,N/A
701.50,near_miss,N/A
701.60,near_miss,N/A
701.70,near_miss,N/A
701.80,near_miss,N/A
701.90,near_miss,N/A
751.10,near_miss,N/A
751.20,near_miss,N/A
751.30,near_miss,N/A
751.40,near_miss,N/A
751.50,near_miss,N/A
751.60,near_miss,N/A
751.70,near_miss,N/A
751.80,near_miss,N/A
751.90,near_miss,N/A
752.00,near_miss,N/A
752.10,near_miss,N/A
752.20,near_miss,N/A
752.30,near_miss,N/A
752.40,near_miss,N/A
752.50,near_miss,N/A
752.60,near_miss,N/A
752.70,near_miss,N/A
752.80,near_miss,N/A
752.90,near_miss,N/A
753.00,near_miss,N/A
753.10,near_miss,N/A
753.20,near_miss,N/A
753.30,near_miss,N/A
753.40,near_miss,N/A
753.50,near_miss,N/A
753.60,near_miss,N/A
753.70,near_miss,N/A
753.80,near_miss,N/A
753.90,near_miss,N/A
754.00,near_miss,N/A
754.10,near_miss,N/A
754.20,near_miss,N/A
754.30,near_miss,N/A
754.40,near_miss,N/A
754.50,near_miss,N/A
754.60,near_miss,N/A
754.70,near_miss,N/A
776.40,near_miss,N/A
776.50,near_miss,N/A
776.60,near_miss,N/A
776.70,near_miss,N/A
776.80,near_miss,N/A
776.90,near_miss,N/A
777.00,near_miss,N/A
777.10,near_miss,N/A
777.20,near_miss,N/A
777.30,near_miss,N/A
777.40,near_miss,N/A
777.50,near_miss,N/A
777.60,near_miss,N/A
777.70,near_miss,N/A
777.80,near_miss,N/A
777.90,near_miss,N/A
778.00,near_miss,N/A
778.10,near_miss,N/A
778.20,near_miss,N/A
778.30,near_miss,N/A
778.40,near_miss,N/A
800.60,near_miss,N/A
800.70,near_miss,N/A
800.80,near_miss,N/A
800.90,near_miss,N/A
801.00,near_miss,N/A
801.10,near_miss,N/A
801.20,near_miss,N/A
801.30,near_miss,N/A
801.40,near_miss,N/A
801.50,near_miss,N/A
801.60,near_miss,N/A
801.70,near_miss,N/A
801.80,near_miss,N/A
801.90,near_miss,N/A
802.00,near_miss,N/A
802.10,near_miss,N/A
802.20,near_miss,N/A
802.30,near_miss,N/A
802.40,near_miss,N/A
802.50,near_miss,N/A
802.60,near_miss,N/A
802.70,near_miss,N/A
802.80,near_miss,N/A
802.90,near_miss,N/A
803.00,near_miss,N/A
803.10,near_miss,N/A
803.20,near_miss,N/A
803.30,near_miss,N/A
803.40,near_miss,N/A
803.50,near_miss,N/A
803.60,near_miss,N/A
803.70,near_miss,N/A
803.80,near_miss,N/A
803.90,near_miss,N/A
804.00,near_miss,N/A
804.10,near_miss,N/A
804.20,near_miss,N/A
804.30,near_miss,N/A
804.40,near_miss,N/A
804.50,near_miss,N/A
804.60,near_miss,N/A
804.70,near_miss,N/A
804.80,near_miss,N/A
804.90,near_miss,N/A
805.00,near_miss,N/A
856.40,near_miss,N/A
856.50,near_miss,N/A
856.60,near_miss,N/A
856.70,near_miss,N/A
856.80,near_miss,N/A
856.90,near_miss,N/A
857.00,near_miss,N/A
857.10,near_miss,N/A
857.20,near_miss,N/A
857.30,near_miss,N/A
857.40,near_miss,N/A
857.50,near_miss,N/A
857.60,near_miss,N/A
857.70,near_miss,N/A
857.80,near_miss,N/A
857.90,near_miss,N/A
880.80,near_miss,N/A
880.90,near_miss,N/A
881.00,near_miss,N/A
881.10,near_miss,N/A
881.20,near_miss,N/A
881.30,near_miss,N/A
881.40,near_miss,N/A
881.50,near_miss,N/A
881.60,near_miss,N/A
881.70,near_miss,N/A
881.80,near_miss,N/A
881.90,near_miss,N/A
882.00,near_miss,N/A
882.10,near_miss,N/A
882.20,near_miss,N/A
882.30,near_miss,N/A
882.40,near_miss,N/A
882.50,near_miss,N/A
882.60,near_miss,N/A
882.70,near_miss,N/A
882.80,near_miss,N/A
882.90,near_miss,N/A
883.00,near_miss,N/A
923.80,near_miss,N/A
923.90,near_miss,N/A
924.00,near_miss,N/A
924.10,near_miss,N/A
924.20,near_miss,N/A
924.30,near_miss,N/A
924.40,near_miss,N/A
924.50,near_miss,N/A
924.60,near_miss,N/A
924.70,near_miss,N/A
924.80,near_miss,N/A
924.90,near_miss,N/A
925.00,near_miss,N/A
925.10,near_miss,N/A
925.20,near_miss,N/A
925.30,near_miss,N/A
925.40,near_miss,N/A
925.50,near_miss,N/A
925.60,near_miss,N/A
925.70,near_miss,N/A
925.80,near_miss,N/A
925.90,near_miss,N/A
1002.10,collision,1.0
1002.20,collision,1.0
1002.30,collision,1.0
1002.40,collision,1.0
1002.50,collision,1.0
1002.60,collision,1.0
1002.70,collision,1.0
1002.80,collision,1.0
1002.90,collision,1.0
1003.00,collision,1.0
1003.10,collision,1.0
1003.20,collision,1.0
1003.30,collision,1.0
1003.40,collision,1.0
1003.50,collision,1.0
1003.60,collision,1.0
1003.70,collision,1.0
1003.80,collision,1.0
1003.90,collision,1.0
1004.00,collision,1.0
1004.10,collision,1.0
1004.20,collision,1.0
1010.00,near_miss,N/A
1010.10,near_miss,N/A
1010.20,near_miss,N/A
1010.30,near_miss,N/A
1010.40,near_miss,N/A
1010.50,near_miss,N/A
1010.60,near_miss,N/A
1010.70,collision,1.0
1010.70,near_miss,N/A
1010.80,collision,1.0
1010.80,near_miss,N/A
1010.90,collision,1.0
1010.90,near_miss,N/A
1011.00,collision,1.0
1011.10,collision,1.0
1011.20,collision,1.0
1011.30,collision,1.0
1011.40,collision,1.0
1011.50,collision,1.0
1011.60,collision,1.0
1011.70,collision,1.0
1011.80,collision,1.0
1011.90,collision,1.0
1012.00,collision,1.0
1012.10,collision,1.0
1012.20,collision,1.0
1012.30,collision,1.0
1012.40,collision,1.0
1012.50,collision,1.0
1012.60,collision,1.0
1012.70,collision,1.0
1012.80,collision,1.0
1012.90,collision,1.0
1105.40,near_miss,N/A
1105.50,near_miss,N/A
1105.60,near_miss,N/A
1105.70,near_miss,N/A
1105.80,near_miss,N/A
1105.90,near_miss,N/A
1106.00,near_miss,N/A
1106.10,near_miss,N/A
1106.20,near_miss,N/A
1106.30,near_miss,N/A
1106.40,near_miss,N/A
1106.50,near_miss,N/A
1106.60,near_miss,N/A
1106.70,near_miss,N/A
1106.80,near_miss,N/A
1106.90,near_miss,N/A
1107.00,near_miss,N/A
1107.10,near_miss,N/A
1176.80,near_miss,N/A
1176.90,near_miss,N/A
1177.00,near_miss,N/A
1177.10,near_miss,N/A
1177.20,near_miss,N/A
1177.30,near_miss,N/A
1177.40,near_miss,N/A
1177.50,near_miss,N/A
1177.60,near_miss,N/A
1177.70,near_miss,N/A
1297.60,near_miss,N/A
1297.70,near_miss,N/A
1297.80,near_miss,N/A
1297.90,near_miss,N/A
1298.00,near_miss,N/A
1298.10,near_miss,N/A
1298.20,near_miss,N/A
1298.30,near_miss,N/A
1298.40,near_miss,N/A
1298.50,near_miss,N/A
1298.60,near_miss,N/A
1298.70,near_miss,N/A
1298.80,near_miss,N/A
1298.90,near_miss,N/A
1299.00,near_miss,N/A
1299.10,near_miss,N/A
1299.20,near_miss,N/A
1299.30,near_miss,N/A
1299.40,near_miss,N/A
1299.50,near_miss,N/A
1299.60,near_miss,N/A
1299.70,near_miss,N/A
1299.80,near_miss,N/A
1299.90,near_miss,N/A
1300.00,near_miss,N/A
1300.10,near_miss,N/A
1300.20,near_miss,N/A
1300.30,near_miss,N/A
1300.40,near_miss,N/A
1300.50,near_miss,N/A
1300.60,near_miss,N/A
1300.70,near_miss,N/A
1300.80,near_miss,N/A
1300.90,near_miss,N/A
1301.00,near_miss,N/A
1301.10,near_miss,N/A
1301.20,near_miss,N/A
1301.30,near_miss,N/A
1301.40,near_miss,N/A
1307.50,near_miss,N/A
1453.10,near_miss,N/A
1453.20,near_miss,N/A
1453.30,near_miss,N/A
1453.40,near_miss,N/A
1453.50,near_miss,N/A
1453.60,near_miss,N/A
1453.70,near_miss,N/A
1453.80,near_miss,N/A
1453.90,near_miss,N/A
1454.00,near_miss,N/A
1454.10,near_miss,N/A
1454.20,near_miss,N/A
1454.30,near_miss,N/A
1454.40,near_miss,N/A
1454.50,near_miss,N/A
1454.60,near_miss,N/A
1454.70,near_miss,N/A
1454.80,near_miss,N/A
1454.90,near_miss,N/A
1689.20,near_miss,N/A
1689.30,near_miss,N/A
1689.40,near_miss,N/A
1689.50,near_miss,N/A
1689.60,near_miss,N/A
1689.70,near_miss,N/A
1689.80,near_miss,N/A
1689.90,near_miss,N/A
1690.00,near_miss,N/A
1690.10,near_miss,N/A
1690.20,near_miss,N/A
1690.30,near_miss,N/A
1690.40,near_miss,N/A
1690.50,near_miss,N/A
1728.60,near_miss,N/A
1728.70,near_miss,N/A
1728.80,near_miss,N/A
1728.90,near_miss,N/A
1729.00,near_miss,N/A
1729.10,near_miss,N/A
1729.20,near_miss,N/A
1729.30,near_miss,N/A
1729.40,near_miss,N/A
1729.50,near_miss,N/A
1729.60,near_miss,N/A
1729.70,near_miss,N/A
1729.80,near_miss,N/A
1729.90,near_miss,N/A
1730.00,near_miss,N/A
1730.10,near_miss,N/A
1730.20,near_miss,N/A
1730.30,near_miss,N/A
1730.40,near_miss,N/A
1730.50,near_miss,N/A
1730.60,near_miss,N/A
1730.70,near_miss,N/A
1730.80,near_miss,N/A
1730.90,near_miss,N/A
1731.00,near_miss,N/A
1731.10,near_miss,N/A
1731.20,near_miss,N/A
1731.30,near_miss,N/A
1731.40,near_miss,N/A
1731.50,near_miss,N/A
1731.60,near_miss,N/A
1731.70,near_miss,N/A
1731.80,near_miss,N/A
1731.90,near_miss,N/A
1732.00,near_miss,N/A
1743.00,near_miss,N/A
1743.10,near_miss,N/A
1743.20,near_miss,N/A
1743.30,near_miss,N/A
1743.40,near_miss,N/A
1743.50,near_miss,N/A
1743.60,near_miss,N/A
1743.70,near_miss,N/A
1743.80,near_miss,N/A
1743.90,near_miss,N/A
1744.00,near_miss,N/A
1744.10,near_miss,N/A
1744.20,near_miss,N/A
1744.30,near_miss,N/A
1744.40,near_miss,N/A
1744.50,near_miss,N/A
1744.60,near_miss,N/A
1744.70,near_miss,N/A
1744.80,near_miss,N/A
1744.90,near_miss,N/A
1745.00,near_miss,N/A
1769.00,near_miss,N/A
1769.10,near_miss,N/A
1769.20,near_miss,N/A
1769.30,near_miss,N/A
1769.40,near_miss,N/A
1769.50,near_miss,N/A
1769.60,near_miss,N/A
1769.70,near_miss,N/A
1769.80,near_miss,N/A
1769.90,near_miss,N/A
1867.00,near_miss,N/A
1867.10,near_miss,N/A
1867.20,near_miss,N/A
1867.30,near_miss,N/A
1867.40,near_miss,N/A
1867.50,near_miss,N/A
1867.60,near_miss,N/A
1867.70,near_miss,N/A
1867.80,near_miss,N/A
1867.90,near_miss,N/A
1868.00,near_miss,N/A
1868.10,near_miss,N/A
1868.20,near_miss,N/A
1868.30,near_miss,N/A
1868.40,near_miss,N/A
1868.50,near_miss,N/A
1868.60,near_miss,N/A
1868.70,near_miss,N/A
1868.80,near_miss,N/A
1868.90,near_miss,N/A
1869.00,near_miss,N/A
1869.10,near_miss,N/A
1869.20,near_miss,N/A
1869.30,near_miss,N/A
1869.40,near_miss,N/A
1869.50,near_miss,N/A
1869.60,near_miss,N/A
1869.70,near_miss,N/A
1869.80,near_miss,N/A
1869.90,near_miss,N/A
1870.00,near_miss,N/A
1870.10,near_miss,N/A
1870.20,near_miss,N/A
1870.30,near_miss,N/A
1870.40,near_miss,N/A
1870.50,near_miss,N/A
1870.60,near_miss,N/A
1870.70,near_miss,N/A
1870.80,near_miss,N/A
1870.90,near_miss,N/A
1871.00,near_miss,N/A
1871.10,near_miss,N/A
1871.20,near_miss,N/A
1871.30,near_miss,N/A
1871.40,near_miss,N/A
1871.50,near_miss,N/A
1871.60,near_miss,N/A
1910.60,near_miss,N/A
1910.70,near_miss,N/A
1910.80,near_miss,N/A
1910.90,near_miss,N/A
1911.00,near_miss,N/A
1911.10,near_miss,N/A
1911.20,near_miss,N/A
1911.30,near_miss,N/A
1911.40,near_miss,N/A
1911.50,near_miss,N/A
1911.60,near_miss,N/A
1911.70,near_miss,N/A
1911.80,near_miss,N/A
1911.90,near_miss,N/A
1912.00,near_miss,N/A
1912.10,near_miss,N/A
1912.20,near_miss,N/A
1912.30,near_miss,N/A
1912.40,near_miss,N/A
1912.50,near_miss,N/A
1912.60,near_miss,N/A
1912.70,near_miss,N/A
1912.80,near_miss,N/A
1912.90,near_miss,N/A
1913.00,near_miss,N/A
1913.10,near_miss,N/A
1913.20,near_miss,N/A
1968.10,collision,1.0
1968.20,collision,1.0
1968.30,collision,1.0
1968.40,collision,1.0
1968.50,collision,1.0
1968.60,collision,1.0
1968.70,collision,1.0
1968.80,collision,1.0
1968.90,collision,1.0
1969.00,collision,1.0
1969.10,collision,1.0
1969.20,collision,1.0
1969.30,collision,1.0
1969.40,collision,1.0
1969.50,collision,1.0
1969.60,collision,1.0
1969.70,collision,1.0
1969.80,collision,1.0
1969.90,collision,1.0
1970.00,collision,1.0
1975.40,near_miss,N/A
1975.50,near_miss,N/A
1975.60,near_miss,N/A
1975.70,near_miss,N/A
1975.80,near_miss,N/A
1975.90,near_miss,N/A
1976.00,near_miss,N/A
1976.10,near_miss,N/A
1976.20,near_miss,N/A
1976.30,near_miss,N/A
1976.40,near_miss,N/A
1976.50,near_miss,N/A
1976.60,near_miss,N/A
1976.70,near_miss,N/A
1976.80,near_miss,N/A
1976.90,near_miss,N/A
1977.00,near_miss,N/A
1977.10,near_miss,N/A
1977.20,near_miss,N/A
1977.30,near_miss,N/A
1977.40,near_miss,N/A
1977.50,near_miss,N/A
1977.60,near_miss,N/A
1977.70,near_miss,N/A
1977.80,near_miss,N/A
1977.90,near_miss,N/A
1978.00,near_miss,N/A
1978.10,near_miss,N/A
1978.20,near_miss,N/A
1978.30,near_miss,N/A
1978.40,near_miss,N/A
1978.50,near_miss,N/A
1978.60,near_miss,N/A
1978.70,near_miss,N/A
1978.80,near_miss,N/A
1978.90,near_miss,N/A
1979.00,near_miss,N/A
1979.10,near_miss,N/A
1979.20,near_miss,N/A
1979.30,near_miss,N/A
2003.80,near_miss,N/A
2003.90,near_miss,N/A
2004.00,near_miss,N/A
2004.10,near_miss,N/A
2035.70,near_miss,N/A
2035.80,near_miss,N/A
2035.90,near_miss,N/A
2036.00,near_miss,N/A
2036.10,near_miss,N/A
2036.20,near_miss,N/A
2036.30,near_miss,N/A
2036.40,near_miss,N/A
2036.50,near_miss,N/A
2036.60,near_miss,N/A
2036.70,near_miss,N/A
2036.80,near_miss,N/A
2036.90,near_miss,N/A
2037.00,near_miss,N/A
2037.10,near_miss,N/A
2037.20,near_miss,N/A
2037.30,near_miss,N/A
2037.40,near_miss,N/A
2037.50,near_miss,N/A
2037.60,near_miss,N/A
2037.70,near_miss,N/A
2037.80,near_miss,N/A
2037.90,near_miss,N/A
2038.00,near_miss,N/A
2038.10,near_miss,N/A
2038.20,near_miss,N/A
2038.30,near_miss,N/A
2038.40,near_miss,N/A
2038.50,near_miss,N/A
2038.60,near_miss,N/A
2038.70,near_miss,N/A
2038.80,near_miss,N/A
2038.90,near_miss,N/A
2039.00,near_miss,N/A
2039.10,near_miss,N/A
2039.20,near_miss,N/A
2039.30,near_miss,N/A
2039.40,near_miss,N/A
2039.50,near_miss,N/A
2039.60,near_miss,N/A
2039.70,near_miss,N/A
2039.80,near_miss,N/A
2039.90,near_miss,N/A
2040.00,near_miss,N/A
2040.10,near_miss,N/A
2040.20,near_miss,N/A
2040.30,near_miss,N/A
2040.40,near_miss,N/A
2040.50,near_miss,N/A
2040.60,near_miss,N/A
2040.70,near_miss,N/A
2040.80,near_miss,N/A
2040.90,near_miss,N/A
2041.00,near_miss,N/A
2041.10,near_miss,N/A
2041.20,near_miss,N/A
2041.30,near_miss,N/A
2041.40,near_miss,N/A
2041.50,near_miss,N/A
2104.70,near_miss,N/A
2104.80,near_miss,N/A
2104.90,near_miss,N/A
2105.00,near_miss,N/A
2105.10,near_miss,N/A
2105.20,near_miss,N/A
2105.30,near_miss,N/A
2105.40,near_miss,N/A
2105.50,near_miss,N/A
2105.60,near_miss,N/A
2105.70,near_miss,N/A
2105.80,near_miss,N/A
2105.90,near_miss,N/A
2106.00,near_miss,N/A
2106.10,near_miss,N/A
2106.20,near_miss,N/A
2106.30,near_miss,N/A
2106.40,near_miss,N/A
2106.50,near_miss,N/A
2106.60,near_miss,N/A
2106.70,near_miss,N/A
2106.80,near_miss,N/A
2106.90,near_miss,N/A
2107.00,near_miss,N/A
2107.10,near_miss,N/A
2107.20,near_miss,N/A
2107.30,near_miss,N/A
2107.40,near_miss,N/A
2107.50,near_miss,N/A
2107.60,near_miss,N/A
2107.70,near_miss,N/A
2107.80,near_miss,N/A
2107.90,near_miss,N/A
2108.00,near_miss,N/A
2108.10,near_miss,N/A
2161.40,near_miss,N/A
2161.50,near_miss,N/A
2161.60,near_miss,N/A
2161.70,near_miss,N/A
2161.80,near_miss,N/A
2161.90,near_miss,N/A
2162.00,near_miss,N/A
2162.10,near_miss,N/A
2162.20,near_miss,N/A
2162.30,near_miss,N/A
2162.40,near_miss,N/A
2162.50,near_miss,N/A
2162.60,near_miss,N/A
2162.70,near_miss,N/A
2162.80,near_miss,N/A
2162.90,near_miss,N/A
2163.00,near_miss,N/A
2163.10,near_miss,N/A
2163.20,near_miss,N/A
2163.30,near_miss,N/A
2163.40,near_miss,N/A
2163.50,near_miss,N/A
2163.60,near_miss,N/A
2163.70,near_miss,N/A
2163.80,near_miss,N/A
2163.90,near_miss,N/A
2164.00,near_miss,N/A
2164.10,near_miss,N/A
2164.20,near_miss,N/A
2164.30,near_miss,N/A
2164.40,near_miss,N/A
2164.50,near_miss,N/A
2164.60,near_miss,N/A
2164.70,near_miss,N/A
2164.80,near_miss,N/A
2164.90,near_miss,N/A
2165.00,near_miss,N/A
2165.10,near_miss,N/A
2165.20,near_miss,N/A
2165.30,near_miss,N/A
2165.40,near_miss,N/A
2165.50,near_miss,N/A
2165.60,near_miss,N/A
2165.70,near_miss,N/A
2165.80,near_miss,N/A
2191.70,near_miss,N/A
2191.80,near_miss,N/A
2191.90,near_miss,N/A
2192.00,near_miss,N/A
2192.10,near_miss,N/A
2192.20,near_miss,N/A
2192.30,near_miss,N/A
2192.40,near_miss,N/A
2241.30,near_miss,N/A
2241.40,near_miss,N/A
2241.50,near_miss,N/A
2241.60,near_miss,N/A
2241.70,near_miss,N/A
2241.80,near_miss,N/A
2241.90,collision,1.0
2241.90,near_miss,N/A
2242.00,collision,1.0
2242.10,collision,1.0
2242.20,collision,1.0
2242.30,collision,1.0
2242.40,collision,1.0
2242.50,collision,1.0
2242.60,collision,1.0
2242.70,collision,1.0
2242.80,collision,1.0
2242.90,collision,1.0
2243.00,collision,1.0
2243.10,collision,1.0
2243.20,collision,1.0
2243.30,collision,1.0
2243.90,near_miss,N/A
2244.00,near_miss,N/A
2244.10,near_miss,N/A
2244.20,near_miss,N/A
2244.30,near_miss,N/A
2244.40,near_miss,N/A
2244.50,near_miss,N/A
2244.60,near_miss,N/A
2244.70,near_miss,N/A
2244.80,near_miss,N/A
2244.90,near_miss,N/A
2245.00,near_miss,N/A
2245.10,near_miss,N/A
2245.20,near_miss,N/A
2245.20,near_miss,N/A
2245.30,near_miss,N/A
2245.30,near_miss,N/A
2245.40,near_miss,N/A
2245.40,near_miss,N/A
2245.50,near_miss,N/A
2245.50,near_miss,N/A
2245.60,near_miss,N/A
2245.60,near_miss,N/A
2245.70,near_miss,N/A
2245.70,near_miss,N/A
2245.80,near_miss,N/A
2245.80,near_miss,N/A
2245.90,near_miss,N/A
2245.90,near_miss,N/A
2246.00,near_miss,N/A
2246.00,near_miss,N/A
2246.10,near_miss,N/A
2246.10,near_miss,N/A
2246.20,near_miss,N/A
2246.20,near_miss,N/A
2246.30,near_miss,N/A
2246.30,near_miss,N/A
2246.40,near_miss,N/A
2246.50,near_miss,N/A
2246.60,near_miss,N/A
2246.70,near_miss,N/A
2246.80,near_miss,N/A
2246.90,near_miss,N/A
2247.00,near_miss,N/A
2247.10,near_miss,N/A
2247.20,near_miss,N/A
2247.30,near_miss,N/A
2247.40,near_miss,N/A
2247.50,near_miss,N/A
2247.60,near_miss,N/A
2247.70,near_miss,N/A
2247.80,near_miss,N/A
2247.90,near_miss,N/A
2248.00,near_miss,N/A
2248.10,near_miss,N/A
2248.20,near_miss,N/A
2248.30,near_miss,N/A
2286.00,near_miss,N/A
2286.10,near_miss,N/A
2286.20,near_miss,N/A
2286.30,near_miss,N/A
2286.40,near_miss,N/A
2286.50,near_miss,N/A
2286.60,near_miss,N/A
2286.70,near_miss,N/A
2286.80,near_miss,N/A
2286.90,near_miss,N/A
2287.00,near_miss,N/A
2287.10,near_miss,N/A
2287.20,near_miss,N/A
2287.30,near_miss,N/A
2287.40,near_miss,N/A
2287.50,near_miss,N/A
2287.60,near_miss,N/A
2287.70,near_miss,N/A
2287.80,near_miss,N/A
2287.90,near_miss,N/A
2288.00,near_miss,N/A
2288.10,near_miss,N/A
2288.20,near_miss,N/A
2288.30,near_miss,N/A
2288.40,near_miss,N/A
2288.50,near_miss,N/A
2288.60,near_miss,N/A
2288.70,near_miss,N/A
2288.80,near_miss,N/A
2288.90,near_miss,N/A
2289.00,near_miss,N/A
2289.10,near_miss,N/A
2289.20,near_miss,N/A
2289.30,near_miss,N/A
2289.40,near_miss,N/A
2289.50,near_miss,N/A
2289.60,near_miss,N/A
2352.90,near_miss,N/A
2353.00,near_miss,N/A
2353.10,near_miss,N/A
2353.20,near_miss,N/A
2353.30,near_miss,N/A
2353.40,near_miss,N/A
2353.50,near_miss,N/A
2353.60,near_miss,N/A
2353.70,near_miss,N/A
2353.80,near_miss,N/A
2353.90,near_miss,N/A
2354.00,near_miss,N/A
2354.10,near_miss,N/A
2354.20,near_miss,N/A
2354.30,near_miss,N/A
2354.40,near_miss,N/A
2354.50,near_miss,N/A
2354.60,near_miss,N/A
2354.70,near_miss,N/A
2354.80,near_miss,N/A
2354.90,near_miss,N/A
2355.00,near_miss,N/A
2355.10,near_miss,N/A
2355.20,near_miss,N/A
2355.30,near_miss,N/A
2355.40,near_miss,N/A
2355.50,near_miss,N/A
2355.60,near_miss,N/A
2355.70,near_miss,N/A
2355.80,near_miss,N/A
2355.90,near_miss,N/A
2356.00,near_miss,N/A
2356.10,near_miss,N/A
2356.20,near_miss,N/A
2356.30,near_miss,N/A
2400.80,near_miss,N/A
2400.90,near_miss,N/A
2401.00,near_miss,N/A
2401.10,near_miss,N/A
2401.20,near_miss,N/A
2401.30,near_miss,N/A
2401.40,near_miss,N/A
2401.50,near_miss,N/A
2401.60,near_miss,N/A
2401.70,near_miss,N/A
2401.80,near_miss,N/A
2401.90,near_miss,N/A
2402.00,near_miss,N/A
2402.10,near_miss,N/A
2402.20,near_miss,N/A
2402.30,near_miss,N/A
2402.40,near_miss,N/A
2402.50,near_miss,N/A
2402.60,near_miss,N/A
2402.70,near_miss,N/A
2402.80,near_miss,N/A
2402.90,near_miss,N/A
2403.00,near_miss,N/A
2441.90,near_miss,N/A
2442.00,near_miss,N/A
2442.10,near_miss,N/A
2442.20,near_miss,N/A
2442.30,near_miss,N/A
2442.40,near_miss,N/A
2442.50,near_miss,N/A
2442.60,near_miss,N/A
2442.70,near_miss,N/A
2442.80,near_miss,N/A
2442.90,near_miss,N/A
2443.00,near_miss,N/A
2443.10,near_miss,N/A
2443.20,near_miss,N/A
2443.30,near_miss,N/A
2443.40,near_miss,N/A
2443.50,near_miss,N/A
2443.60,near_miss,N/A
2443.70,near_miss,N/A
2443.80,near_miss,N/A
2443.90,near_miss,N/A
2444.00,near_miss,N/A
2444.10,near_miss,N/A
2444.20,near_miss,N/A
2444.30,near_miss,N/A
2444.40,near_miss,N/A
2444.50,near_miss,N/A
2444.60,near_miss,N/A
2444.70,near_miss,N/A
2444.80,near_miss,N/A
2444.90,near_miss,N/A
2445.00,near_miss,N/A
2445.10,near_miss,N/A
2445.20,near_miss,N/A
2445.30,near_miss,N/A
2445.40,near_miss,N/A
2445.50,near_miss,N/A
2445.60,near_miss,N/A
2445.70,near_miss,N/A
2445.80,near_miss,N/A
2445.90,near_miss,N/A
2446.00,near_miss,N/A
2446.10,near_miss,N/A
2446.20,near_miss,N/A
2446.30,near_miss,N/A
2446.40,near_miss,N/A
2532.20,near_miss,N/A
2532.30,near_miss,N/A
2532.40,near_miss,N/A
2579.10,near_miss,N/A
2579.20,near_miss,N/A
2580.50,near_miss,N/A
2580.60,near_miss,N/A
2580.70,near_miss,N/A
2580.80,near_miss,N/A
2580.90,near_miss,N/A
2581.00,near_miss,N/A
2581.10,near_miss,N/A
2581.20,near_miss,N/A
2581.30,near_miss,N/A
2581.40,near_miss,N/A
2581.50,near_miss,N/A
2581.60,near_miss,N/A
2581.70,near_miss,N/A
2581.80,near_miss,N/A
2581.90,near_miss,N/A
2582.00,near_miss,N/A
2582.10,near_miss,N/A
2582.20,near_miss,N/A
2655.20,near_miss,N/A
2655.30,near_miss,N/A
2655.40,near_miss,N/A
2655.50,near_miss,N/A
2655.60,near_miss,N/A
2655.70,near_miss,N/A
2655.80,near_miss,N/A
2655.90,near_miss,N/A
2656.00,near_miss,N/A
2656.10,near_miss,N/A
2656.20,near_miss,N/A
2656.30,near_miss,N/A
2656.40,near_miss,N/A
2656.50,near_miss,N/A
2656.60,near_miss,N/A
2656.70,near_miss,N/A
2656.80,near_miss,N/A
2818.50,near_miss,N/A
2818.60,near_miss,N/A
2818.70,near_miss,N/A
2878.80,near_miss,N/A
2878.90,near_miss,N/A
2879.00,near_miss,N/A
2879.10,near_miss,N/A
2879.20,near_miss,N/A
2879.30,near_miss,N/A
2879.40,near_miss,N/A
2879.50,near_miss,N/A
2879.60,near_miss,N/A
2879.70,near_miss,N/A
2879.80,collision,1.0
2879.80,near_miss,N/A
2879.90,collision,1.0
2879.90,near_miss,N/A
2880.00,collision,1.0
2880.10,collision,1.0
2880.20,collision,1.0
2880.30,collision,1.0
2880.40,collision,1.0
2880.50,collision,1.0
2880.60,collision,1.0
2880.70,collision,1.0
2880.80,collision,1.0
2880.90,collision,1.0
2881.00,collision,1.0
2881.10,collision,1.0
2881.20,collision,1.0
2881.30,collision,1.0
2881.40,collision,1.0
2881.50,collision,1.0
2881.60,collision,1.0
2881.70,collision,1.0
2881.80,collision,1.0
2881.90,collision,1.0
2882.00,collision,1.0
2882.10,collision,1.0
2882.20,collision,1.0
2908.40,near_miss,N/A
2908.50,near_miss,N/A
2908.60,near_miss,N/A
2908.70,near_miss,N/A
2908.80,near_miss,N/A
2908.90,near_miss,N/A
2909.00,near_miss,N/A
2909.10,near_miss,N/A
2909.20,near_miss,N/A
2909.30,near_miss,N/A
2909.40,near_miss,N/A
2909.50,near_miss,N/A
2909.60,near_miss,N/A
2909.70,near_miss,N/A
2909.80,near_miss,N/A
2909.90,near_miss,N/A
2910.00,near_miss,N/A
2910.10,near_miss,N/A
2910.20,near_miss,N/A
2910.30,near_miss,N/A
2910.40,near_miss,N/A
2910.50,near_miss,N/A
2910.60,near_miss,N/A
2910.70,near_miss,N/A
2910.80,near_miss,N/A
2910.90,near_miss,N/A
2911.00,near_miss,N/A
2911.10,near_miss,N/A
2911.20,near_miss,N/A
2911.30,near_miss,N/A
2911.40,near_miss,N/A
2911.50,near_miss,N/A
2911.60,near_miss,N/A
2911.70,near_miss,N/A
2911.80,near_miss,N/A
2911.90,near_miss,N/A
2912.00,near_miss,N/A
2912.10,near_miss,N/A
2912.20,near_miss,N/A
2912.30,near_miss,N/A
2912.40,near_miss,N/A
2912.50,near_miss,N/A
2912.60,near_miss,N/A
2912.70,near_miss,N/A
2912.80,near_miss,N/A
2912.90,near_miss,N/A
2913.00,near_miss,N/A
2913.10,near_miss,N/A
2913.20,near_miss,N/A
3137.60,near_miss,N/A
3137.70,near_miss,N/A
3137.80,near_miss,N/A
3137.90,near_miss,N/A
3138.00,near_miss,N/A
3138.10,near_miss,N/A
3138.20,near_miss,N/A
3232.40,near_miss,N/A
3232.50,near_miss,N/A
3232.60,near_miss,N/A
3232.70,near_miss,N/A
3232.80,near_miss,N/A
3232.90,near_miss,N/A
3233.00,near_miss,N/A
